{"cameraMode":{"drawMode":0,"name":"Shaded","section":"Shading Mode"},"sceneLighting":true,"audioPlay":false,"sceneViewState":{"m_AlwaysRefresh":false,"showFog":true,"showSkybox":true,"showFlares":true,"showImageEffects":true,"showParticleSystems":true,"showVisualEffectGraphs":true,"m_FxEnabled":true},"in2DMode":false,"pivot":{"x":2.5564146041870119,"y":16.403888702392579,"z":2.2042236328125},"rotation":{"x":0.010782433673739434,"y":0.07074727863073349,"z":-0.0007648678729310632,"w":0.9974367022514343},"size":45.37531280517578,"orthographic":false}