{"cameraMode":{"drawMode":0,"name":"Shaded","section":"Shading Mode"},"sceneLighting":false,"audioPlay":false,"sceneViewState":{"m_AlwaysRefresh":false,"showFog":true,"showSkybox":false,"showFlares":true,"showImageEffects":true,"showParticleSystems":true,"showVisualEffectGraphs":true,"m_FxEnabled":true},"in2DMode":false,"pivot":{"x":-2.670077323913574,"y":9.98027229309082,"z":0.0837860107421875},"rotation":{"x":-0.007171438075602055,"y":0.0722457617521286,"z":0.0005193859105929732,"w":0.9973627924919128},"size":14.71878433227539,"orthographic":false}