{"cameraMode":{"drawMode":0,"name":"Shaded","section":"Shading Mode"},"sceneLighting":false,"audioPlay":false,"sceneViewState":{"m_AlwaysRefresh":false,"showFog":true,"showSkybox":false,"showFlares":true,"showImageEffects":true,"showParticleSystems":true,"showVisualEffectGraphs":true,"m_FxEnabled":true},"in2DMode":false,"pivot":{"x":4.638027667999268,"y":5.508365631103516,"z":-2.8115129470825197},"rotation":{"x":0.07219963520765305,"y":0.03620794042944908,"z":-0.0026225929614156486,"w":0.996734082698822},"size":6.919140815734863,"orthographic":false}